{
  "_metadata": {
    "generatedAt": "2025-11-14T12:19:37.322Z",
    "totalDomiciles": 514,
    "source": "API Wilayah Indonesia - Emsifa"
  },
  "domiciles": [
    "Kabupaten Aceh Barat - Aceh",
    "Kabupaten Aceh Barat Daya - Aceh",
    "Kabupaten Aceh Besar - Aceh",
    "Kabupaten Aceh Jaya - Aceh",
    "Kabupaten Aceh Selatan - Aceh",
    "Kabupaten Aceh Singkil - Aceh",
    "Kabupaten Aceh Tamiang - Aceh",
    "Kabupaten Aceh Tengah - Aceh",
    "Kabupaten Aceh Tenggara - Aceh",
    "Kabupaten Aceh Timur - Aceh",
    "Kabupaten Aceh Utara - Aceh",
    "Kabupaten Agam - Sumatera Barat",
    "Kabupaten Alor - Nusa Tenggara Timur",
    "Kabupaten Asahan - Sumatera Utara",
    "Kabupaten Asmat - Papua",
    "Kabupaten Badung - Bali",
    "Kabupaten Balangan - Kalimantan Selatan",
    "Kabupaten Bandung - Jawa Barat",
    "Kabupaten Bandung Barat - Jawa Barat",
    "Kabupaten Banggai - Sulawesi Tengah",
    "Kabupaten Banggai Kepulauan - Sulawesi Tengah",
    "Kabupaten Banggai Laut - Sulawesi Tengah",
    "Kabupaten Bangka - Kepulauan Bangka Belitung",
    "Kabupaten Bangka Barat - Kepulauan Bangka Belitung",
    "Kabupaten Bangka Selatan - Kepulauan Bangka Belitung",
    "Kabupaten Bangka Tengah - Kepulauan Bangka Belitung",
    "Kabupaten Bangkalan - Jawa Timur",
    "Kabupaten Bangli - Bali",
    "Kabupaten Banjar - Kalimantan Selatan",
    "Kabupaten Banjarnegara - Jawa Tengah",
    "Kabupaten Bantaeng - Sulawesi Selatan",
    "Kabupaten Bantul - Di Yogyakarta",
    "Kabupaten Banyu Asin - Sumatera Selatan",
    "Kabupaten Banyumas - Jawa Tengah",
    "Kabupaten Banyuwangi - Jawa Timur",
    "Kabupaten Barito Kuala - Kalimantan Selatan",
    "Kabupaten Barito Selatan - Kalimantan Tengah",
    "Kabupaten Barito Timur - Kalimantan Tengah",
    "Kabupaten Barito Utara - Kalimantan Tengah",
    "Kabupaten Barru - Sulawesi Selatan",
    "Kabupaten Batang - Jawa Tengah",
    "Kabupaten Batang Hari - Jambi",
    "Kabupaten Batu Bara - Sumatera Utara",
    "Kabupaten Bekasi - Jawa Barat",
    "Kabupaten Belitung - Kepulauan Bangka Belitung",
    "Kabupaten Belitung Timur - Kepulauan Bangka Belitung",
    "Kabupaten Belu - Nusa Tenggara Timur",
    "Kabupaten Bener Meriah - Aceh",
    "Kabupaten Bengkalis - Riau",
    "Kabupaten Bengkayang - Kalimantan Barat",
    "Kabupaten Bengkulu Selatan - Bengkulu",
    "Kabupaten Bengkulu Tengah - Bengkulu",
    "Kabupaten Bengkulu Utara - Bengkulu",
    "Kabupaten Berau - Kalimantan Timur",
    "Kabupaten Biak Numfor - Papua",
    "Kabupaten Bima - Nusa Tenggara Barat",
    "Kabupaten Bintan - Kepulauan Riau",
    "Kabupaten Bireuen - Aceh",
    "Kabupaten Blitar - Jawa Timur",
    "Kabupaten Blora - Jawa Tengah",
    "Kabupaten Boalemo - Gorontalo",
    "Kabupaten Bogor - Jawa Barat",
    "Kabupaten Bojonegoro - Jawa Timur",
    "Kabupaten Bolaang Mongondow - Sulawesi Utara",
    "Kabupaten Bolaang Mongondow Selatan - Sulawesi Utara",
    "Kabupaten Bolaang Mongondow Timur - Sulawesi Utara",
    "Kabupaten Bolaang Mongondow Utara - Sulawesi Utara",
    "Kabupaten Bombana - Sulawesi Tenggara",
    "Kabupaten Bondowoso - Jawa Timur",
    "Kabupaten Bone - Sulawesi Selatan",
    "Kabupaten Bone Bolango - Gorontalo",
    "Kabupaten Boven Digoel - Papua",
    "Kabupaten Boyolali - Jawa Tengah",
    "Kabupaten Brebes - Jawa Tengah",
    "Kabupaten Buleleng - Bali",
    "Kabupaten Bulukumba - Sulawesi Selatan",
    "Kabupaten Bulungan - Kalimantan Utara",
    "Kabupaten Bungo - Jambi",
    "Kabupaten Buol - Sulawesi Tengah",
    "Kabupaten Buru - Maluku",
    "Kabupaten Buru Selatan - Maluku",
    "Kabupaten Buton - Sulawesi Tenggara",
    "Kabupaten Buton Selatan - Sulawesi Tenggara",
    "Kabupaten Buton Tengah - Sulawesi Tenggara",
    "Kabupaten Buton Utara - Sulawesi Tenggara",
    "Kabupaten Ciamis - Jawa Barat",
    "Kabupaten Cianjur - Jawa Barat",
    "Kabupaten Cilacap - Jawa Tengah",
    "Kabupaten Cirebon - Jawa Barat",
    "Kabupaten Dairi - Sumatera Utara",
    "Kabupaten Deiyai - Papua",
    "Kabupaten Deli Serdang - Sumatera Utara",
    "Kabupaten Demak - Jawa Tengah",
    "Kabupaten Dharmasraya - Sumatera Barat",
    "Kabupaten Dogiyai - Papua",
    "Kabupaten Dompu - Nusa Tenggara Barat",
    "Kabupaten Donggala - Sulawesi Tengah",
    "Kabupaten Empat Lawang - Sumatera Selatan",
    "Kabupaten Ende - Nusa Tenggara Timur",
    "Kabupaten Enrekang - Sulawesi Selatan",
    "Kabupaten Fakfak - Papua Barat",
    "Kabupaten Flores Timur - Nusa Tenggara Timur",
    "Kabupaten Garut - Jawa Barat",
    "Kabupaten Gayo Lues - Aceh",
    "Kabupaten Gianyar - Bali",
    "Kabupaten Gorontalo - Gorontalo",
    "Kabupaten Gorontalo Utara - Gorontalo",
    "Kabupaten Gowa - Sulawesi Selatan",
    "Kabupaten Gresik - Jawa Timur",
    "Kabupaten Grobogan - Jawa Tengah",
    "Kabupaten Gunung Kidul - Di Yogyakarta",
    "Kabupaten Gunung Mas - Kalimantan Tengah",
    "Kabupaten Halmahera Barat - Maluku Utara",
    "Kabupaten Halmahera Selatan - Maluku Utara",
    "Kabupaten Halmahera Tengah - Maluku Utara",
    "Kabupaten Halmahera Timur - Maluku Utara",
    "Kabupaten Halmahera Utara - Maluku Utara",
    "Kabupaten Hulu Sungai Selatan - Kalimantan Selatan",
    "Kabupaten Hulu Sungai Tengah - Kalimantan Selatan",
    "Kabupaten Hulu Sungai Utara - Kalimantan Selatan",
    "Kabupaten Humbang Hasundutan - Sumatera Utara",
    "Kabupaten Indragiri Hilir - Riau",
    "Kabupaten Indragiri Hulu - Riau",
    "Kabupaten Indramayu - Jawa Barat",
    "Kabupaten Intan Jaya - Papua",
    "Kabupaten Jayapura - Papua",
    "Kabupaten Jayawijaya - Papua",
    "Kabupaten Jember - Jawa Timur",
    "Kabupaten Jembrana - Bali",
    "Kabupaten Jeneponto - Sulawesi Selatan",
    "Kabupaten Jepara - Jawa Tengah",
    "Kabupaten Jombang - Jawa Timur",
    "Kabupaten Kaimana - Papua Barat",
    "Kabupaten Kampar - Riau",
    "Kabupaten Kapuas - Kalimantan Tengah",
    "Kabupaten Kapuas Hulu - Kalimantan Barat",
    "Kabupaten Karang Asem - Bali",
    "Kabupaten Karanganyar - Jawa Tengah",
    "Kabupaten Karawang - Jawa Barat",
    "Kabupaten Karimun - Kepulauan Riau",
    "Kabupaten Karo - Sumatera Utara",
    "Kabupaten Katingan - Kalimantan Tengah",
    "Kabupaten Kaur - Bengkulu",
    "Kabupaten Kayong Utara - Kalimantan Barat",
    "Kabupaten Kebumen - Jawa Tengah",
    "Kabupaten Kediri - Jawa Timur",
    "Kabupaten Keerom - Papua",
    "Kabupaten Kendal - Jawa Tengah",
    "Kabupaten Kepahiang - Bengkulu",
    "Kabupaten Kepulauan Anambas - Kepulauan Riau",
    "Kabupaten Kepulauan Aru - Maluku",
    "Kabupaten Kepulauan Mentawai - Sumatera Barat",
    "Kabupaten Kepulauan Meranti - Riau",
    "Kabupaten Kepulauan Sangihe - Sulawesi Utara",
    "Kabupaten Kepulauan Selayar - Sulawesi Selatan",
    "Kabupaten Kepulauan Seribu - Dki Jakarta",
    "Kabupaten Kepulauan Sula - Maluku Utara",
    "Kabupaten Kepulauan Talaud - Sulawesi Utara",
    "Kabupaten Kepulauan Yapen - Papua",
    "Kabupaten Kerinci - Jambi",
    "Kabupaten Ketapang - Kalimantan Barat",
    "Kabupaten Klaten - Jawa Tengah",
    "Kabupaten Klungkung - Bali",
    "Kabupaten Kolaka - Sulawesi Tenggara",
    "Kabupaten Kolaka Timur - Sulawesi Tenggara",
    "Kabupaten Kolaka Utara - Sulawesi Tenggara",
    "Kabupaten Konawe - Sulawesi Tenggara",
    "Kabupaten Konawe Kepulauan - Sulawesi Tenggara",
    "Kabupaten Konawe Selatan - Sulawesi Tenggara",
    "Kabupaten Konawe Utara - Sulawesi Tenggara",
    "Kabupaten Kota Baru - Kalimantan Selatan",
    "Kabupaten Kotawaringin Barat - Kalimantan Tengah",
    "Kabupaten Kotawaringin Timur - Kalimantan Tengah",
    "Kabupaten Kuantan Singingi - Riau",
    "Kabupaten Kubu Raya - Kalimantan Barat",
    "Kabupaten Kudus - Jawa Tengah",
    "Kabupaten Kulon Progo - Di Yogyakarta",
    "Kabupaten Kuningan - Jawa Barat",
    "Kabupaten Kupang - Nusa Tenggara Timur",
    "Kabupaten Kutai Barat - Kalimantan Timur",
    "Kabupaten Kutai Kartanegara - Kalimantan Timur",
    "Kabupaten Kutai Timur - Kalimantan Timur",
    "Kabupaten Labuhan Batu - Sumatera Utara",
    "Kabupaten Labuhan Batu Selatan - Sumatera Utara",
    "Kabupaten Labuhan Batu Utara - Sumatera Utara",
    "Kabupaten Lahat - Sumatera Selatan",
    "Kabupaten Lamandau - Kalimantan Tengah",
    "Kabupaten Lamongan - Jawa Timur",
    "Kabupaten Lampung Barat - Lampung",
    "Kabupaten Lampung Selatan - Lampung",
    "Kabupaten Lampung Tengah - Lampung",
    "Kabupaten Lampung Timur - Lampung",
    "Kabupaten Lampung Utara - Lampung",
    "Kabupaten Landak - Kalimantan Barat",
    "Kabupaten Langkat - Sumatera Utara",
    "Kabupaten Lanny Jaya - Papua",
    "Kabupaten Lebak - Banten",
    "Kabupaten Lebong - Bengkulu",
    "Kabupaten Lembata - Nusa Tenggara Timur",
    "Kabupaten Lima Puluh Kota - Sumatera Barat",
    "Kabupaten Lingga - Kepulauan Riau",
    "Kabupaten Lombok Barat - Nusa Tenggara Barat",
    "Kabupaten Lombok Tengah - Nusa Tenggara Barat",
    "Kabupaten Lombok Timur - Nusa Tenggara Barat",
    "Kabupaten Lombok Utara - Nusa Tenggara Barat",
    "Kabupaten Lumajang - Jawa Timur",
    "Kabupaten Luwu - Sulawesi Selatan",
    "Kabupaten Luwu Timur - Sulawesi Selatan",
    "Kabupaten Luwu Utara - Sulawesi Selatan",
    "Kabupaten Madiun - Jawa Timur",
    "Kabupaten Magelang - Jawa Tengah",
    "Kabupaten Magetan - Jawa Timur",
    "Kabupaten Mahakam Hulu - Kalimantan Timur",
    "Kabupaten Majalengka - Jawa Barat",
    "Kabupaten Majene - Sulawesi Barat",
    "Kabupaten Malaka - Nusa Tenggara Timur",
    "Kabupaten Malang - Jawa Timur",
    "Kabupaten Malinau - Kalimantan Utara",
    "Kabupaten Maluku Barat Daya - Maluku",
    "Kabupaten Maluku Tengah - Maluku",
    "Kabupaten Maluku Tenggara - Maluku",
    "Kabupaten Maluku Tenggara Barat - Maluku",
    "Kabupaten Mamasa - Sulawesi Barat",
    "Kabupaten Mamberamo Raya - Papua",
    "Kabupaten Mamberamo Tengah - Papua",
    "Kabupaten Mamuju - Sulawesi Barat",
    "Kabupaten Mamuju Tengah - Sulawesi Barat",
    "Kabupaten Mamuju Utara - Sulawesi Barat",
    "Kabupaten Mandailing Natal - Sumatera Utara",
    "Kabupaten Manggarai - Nusa Tenggara Timur",
    "Kabupaten Manggarai Barat - Nusa Tenggara Timur",
    "Kabupaten Manggarai Timur - Nusa Tenggara Timur",
    "Kabupaten Manokwari - Papua Barat",
    "Kabupaten Manokwari Selatan - Papua Barat",
    "Kabupaten Mappi - Papua",
    "Kabupaten Maros - Sulawesi Selatan",
    "Kabupaten Maybrat - Papua Barat",
    "Kabupaten Melawi - Kalimantan Barat",
    "Kabupaten Mempawah - Kalimantan Barat",
    "Kabupaten Merangin - Jambi",
    "Kabupaten Merauke - Papua",
    "Kabupaten Mesuji - Lampung",
    "Kabupaten Mimika - Papua",
    "Kabupaten Minahasa - Sulawesi Utara",
    "Kabupaten Minahasa Selatan - Sulawesi Utara",
    "Kabupaten Minahasa Tenggara - Sulawesi Utara",
    "Kabupaten Minahasa Utara - Sulawesi Utara",
    "Kabupaten Mojokerto - Jawa Timur",
    "Kabupaten Morowali - Sulawesi Tengah",
    "Kabupaten Morowali Utara - Sulawesi Tengah",
    "Kabupaten Muara Enim - Sumatera Selatan",
    "Kabupaten Muaro Jambi - Jambi",
    "Kabupaten Mukomuko - Bengkulu",
    "Kabupaten Muna - Sulawesi Tenggara",
    "Kabupaten Muna Barat - Sulawesi Tenggara",
    "Kabupaten Murung Raya - Kalimantan Tengah",
    "Kabupaten Musi Banyuasin - Sumatera Selatan",
    "Kabupaten Musi Rawas - Sumatera Selatan",
    "Kabupaten Musi Rawas Utara - Sumatera Selatan",
    "Kabupaten Nabire - Papua",
    "Kabupaten Nagan Raya - Aceh",
    "Kabupaten Nagekeo - Nusa Tenggara Timur",
    "Kabupaten Natuna - Kepulauan Riau",
    "Kabupaten Nduga - Papua",
    "Kabupaten Ngada - Nusa Tenggara Timur",
    "Kabupaten Nganjuk - Jawa Timur",
    "Kabupaten Ngawi - Jawa Timur",
    "Kabupaten Nias - Sumatera Utara",
    "Kabupaten Nias Barat - Sumatera Utara",
    "Kabupaten Nias Selatan - Sumatera Utara",
    "Kabupaten Nias Utara - Sumatera Utara",
    "Kabupaten Nunukan - Kalimantan Utara",
    "Kabupaten Ogan Ilir - Sumatera Selatan",
    "Kabupaten Ogan Komering Ilir - Sumatera Selatan",
    "Kabupaten Ogan Komering Ulu - Sumatera Selatan",
    "Kabupaten Ogan Komering Ulu Selatan - Sumatera Selatan",
    "Kabupaten Ogan Komering Ulu Timur - Sumatera Selatan",
    "Kabupaten Pacitan - Jawa Timur",
    "Kabupaten Padang Lawas - Sumatera Utara",
    "Kabupaten Padang Lawas Utara - Sumatera Utara",
    "Kabupaten Padang Pariaman - Sumatera Barat",
    "Kabupaten Pakpak Bharat - Sumatera Utara",
    "Kabupaten Pamekasan - Jawa Timur",
    "Kabupaten Pandeglang - Banten",
    "Kabupaten Pangandaran - Jawa Barat",
    "Kabupaten Pangkajene Dan Kepulauan - Sulawesi Selatan",
    "Kabupaten Paniai - Papua",
    "Kabupaten Parigi Moutong - Sulawesi Tengah",
    "Kabupaten Pasaman - Sumatera Barat",
    "Kabupaten Pasaman Barat - Sumatera Barat",
    "Kabupaten Paser - Kalimantan Timur",
    "Kabupaten Pasuruan - Jawa Timur",
    "Kabupaten Pati - Jawa Tengah",
    "Kabupaten Pegunungan Arfak - Papua Barat",
    "Kabupaten Pegunungan Bintang - Papua",
    "Kabupaten Pekalongan - Jawa Tengah",
    "Kabupaten Pelalawan - Riau",
    "Kabupaten Pemalang - Jawa Tengah",
    "Kabupaten Penajam Paser Utara - Kalimantan Timur",
    "Kabupaten Penukal Abab Lematang Ilir - Sumatera Selatan",
    "Kabupaten Pesawaran - Lampung",
    "Kabupaten Pesisir Barat - Lampung",
    "Kabupaten Pesisir Selatan - Sumatera Barat",
    "Kabupaten Pidie - Aceh",
    "Kabupaten Pidie Jaya - Aceh",
    "Kabupaten Pinrang - Sulawesi Selatan",
    "Kabupaten Pohuwato - Gorontalo",
    "Kabupaten Polewali Mandar - Sulawesi Barat",
    "Kabupaten Ponorogo - Jawa Timur",
    "Kabupaten Poso - Sulawesi Tengah",
    "Kabupaten Pringsewu - Lampung",
    "Kabupaten Probolinggo - Jawa Timur",
    "Kabupaten Pulang Pisau - Kalimantan Tengah",
    "Kabupaten Pulau Morotai - Maluku Utara",
    "Kabupaten Pulau Taliabu - Maluku Utara",
    "Kabupaten Puncak - Papua",
    "Kabupaten Puncak Jaya - Papua",
    "Kabupaten Purbalingga - Jawa Tengah",
    "Kabupaten Purwakarta - Jawa Barat",
    "Kabupaten Purworejo - Jawa Tengah",
    "Kabupaten Raja Ampat - Papua Barat",
    "Kabupaten Rejang Lebong - Bengkulu",
    "Kabupaten Rembang - Jawa Tengah",
    "Kabupaten Rokan Hilir - Riau",
    "Kabupaten Rokan Hulu - Riau",
    "Kabupaten Rote Ndao - Nusa Tenggara Timur",
    "Kabupaten S I A K - Riau",
    "Kabupaten Sabu Raijua - Nusa Tenggara Timur",
    "Kabupaten Sambas - Kalimantan Barat",
    "Kabupaten Samosir - Sumatera Utara",
    "Kabupaten Sampang - Jawa Timur",
    "Kabupaten Sanggau - Kalimantan Barat",
    "Kabupaten Sarmi - Papua",
    "Kabupaten Sarolangun - Jambi",
    "Kabupaten Sekadau - Kalimantan Barat",
    "Kabupaten Seluma - Bengkulu",
    "Kabupaten Semarang - Jawa Tengah",
    "Kabupaten Seram Bagian Barat - Maluku",
    "Kabupaten Seram Bagian Timur - Maluku",
    "Kabupaten Serang - Banten",
    "Kabupaten Serdang Bedagai - Sumatera Utara",
    "Kabupaten Seruyan - Kalimantan Tengah",
    "Kabupaten Siau Tagulandang Biaro - Sulawesi Utara",
    "Kabupaten Sidenreng Rappang - Sulawesi Selatan",
    "Kabupaten Sidoarjo - Jawa Timur",
    "Kabupaten Sigi - Sulawesi Tengah",
    "Kabupaten Sijunjung - Sumatera Barat",
    "Kabupaten Sikka - Nusa Tenggara Timur",
    "Kabupaten Simalungun - Sumatera Utara",
    "Kabupaten Simeulue - Aceh",
    "Kabupaten Sinjai - Sulawesi Selatan",
    "Kabupaten Sintang - Kalimantan Barat",
    "Kabupaten Situbondo - Jawa Timur",
    "Kabupaten Sleman - Di Yogyakarta",
    "Kabupaten Solok - Sumatera Barat",
    "Kabupaten Solok Selatan - Sumatera Barat",
    "Kabupaten Soppeng - Sulawesi Selatan",
    "Kabupaten Sorong - Papua Barat",
    "Kabupaten Sorong Selatan - Papua Barat",
    "Kabupaten Sragen - Jawa Tengah",
    "Kabupaten Subang - Jawa Barat",
    "Kabupaten Sukabumi - Jawa Barat",
    "Kabupaten Sukamara - Kalimantan Tengah",
    "Kabupaten Sukoharjo - Jawa Tengah",
    "Kabupaten Sumba Barat - Nusa Tenggara Timur",
    "Kabupaten Sumba Barat Daya - Nusa Tenggara Timur",
    "Kabupaten Sumba Tengah - Nusa Tenggara Timur",
    "Kabupaten Sumba Timur - Nusa Tenggara Timur",
    "Kabupaten Sumbawa - Nusa Tenggara Barat",
    "Kabupaten Sumbawa Barat - Nusa Tenggara Barat",
    "Kabupaten Sumedang - Jawa Barat",
    "Kabupaten Sumenep - Jawa Timur",
    "Kabupaten Supiori - Papua",
    "Kabupaten Tabalong - Kalimantan Selatan",
    "Kabupaten Tabanan - Bali",
    "Kabupaten Takalar - Sulawesi Selatan",
    "Kabupaten Tambrauw - Papua Barat",
    "Kabupaten Tana Tidung - Kalimantan Utara",
    "Kabupaten Tana Toraja - Sulawesi Selatan",
    "Kabupaten Tanah Bumbu - Kalimantan Selatan",
    "Kabupaten Tanah Datar - Sumatera Barat",
    "Kabupaten Tanah Laut - Kalimantan Selatan",
    "Kabupaten Tangerang - Banten",
    "Kabupaten Tanggamus - Lampung",
    "Kabupaten Tanjung Jabung Barat - Jambi",
    "Kabupaten Tanjung Jabung Timur - Jambi",
    "Kabupaten Tapanuli Selatan - Sumatera Utara",
    "Kabupaten Tapanuli Tengah - Sumatera Utara",
    "Kabupaten Tapanuli Utara - Sumatera Utara",
    "Kabupaten Tapin - Kalimantan Selatan",
    "Kabupaten Tasikmalaya - Jawa Barat",
    "Kabupaten Tebo - Jambi",
    "Kabupaten Tegal - Jawa Tengah",
    "Kabupaten Teluk Bintuni - Papua Barat",
    "Kabupaten Teluk Wondama - Papua Barat",
    "Kabupaten Temanggung - Jawa Tengah",
    "Kabupaten Timor Tengah Selatan - Nusa Tenggara Timur",
    "Kabupaten Timor Tengah Utara - Nusa Tenggara Timur",
    "Kabupaten Toba Samosir - Sumatera Utara",
    "Kabupaten Tojo Una-una - Sulawesi Tengah",
    "Kabupaten Toli-toli - Sulawesi Tengah",
    "Kabupaten Tolikara - Papua",
    "Kabupaten Toraja Utara - Sulawesi Selatan",
    "Kabupaten Trenggalek - Jawa Timur",
    "Kabupaten Tuban - Jawa Timur",
    "Kabupaten Tulang Bawang Barat - Lampung",
    "Kabupaten Tulangbawang - Lampung",
    "Kabupaten Tulungagung - Jawa Timur",
    "Kabupaten Wajo - Sulawesi Selatan",
    "Kabupaten Wakatobi - Sulawesi Tenggara",
    "Kabupaten Waropen - Papua",
    "Kabupaten Way Kanan - Lampung",
    "Kabupaten Wonogiri - Jawa Tengah",
    "Kabupaten Wonosobo - Jawa Tengah",
    "Kabupaten Yahukimo - Papua",
    "Kabupaten Yalimo - Papua",
    "Kota Ambon - Maluku",
    "Kota B A T A M - Kepulauan Riau",
    "Kota Balikpapan - Kalimantan Timur",
    "Kota Banda Aceh - Aceh",
    "Kota Bandar Lampung - Lampung",
    "Kota Bandung - Jawa Barat",
    "Kota Banjar - Jawa Barat",
    "Kota Banjar Baru - Kalimantan Selatan",
    "Kota Banjarmasin - Kalimantan Selatan",
    "Kota Batu - Jawa Timur",
    "Kota Baubau - Sulawesi Tenggara",
    "Kota Bekasi - Jawa Barat",
    "Kota Bengkulu - Bengkulu",
    "Kota Bima - Nusa Tenggara Barat",
    "Kota Binjai - Sumatera Utara",
    "Kota Bitung - Sulawesi Utara",
    "Kota Blitar - Jawa Timur",
    "Kota Bogor - Jawa Barat",
    "Kota Bontang - Kalimantan Timur",
    "Kota Bukittinggi - Sumatera Barat",
    "Kota Cilegon - Banten",
    "Kota Cimahi - Jawa Barat",
    "Kota Cirebon - Jawa Barat",
    "Kota D U M A I - Riau",
    "Kota Denpasar - Bali",
    "Kota Depok - Jawa Barat",
    "Kota Gorontalo - Gorontalo",
    "Kota Gunungsitoli - Sumatera Utara",
    "Kota Jakarta Barat - Dki Jakarta",
    "Kota Jakarta Pusat - Dki Jakarta",
    "Kota Jakarta Selatan - Dki Jakarta",
    "Kota Jakarta Timur - Dki Jakarta",
    "Kota Jakarta Utara - Dki Jakarta",
    "Kota Jambi - Jambi",
    "Kota Jayapura - Papua",
    "Kota Kediri - Jawa Timur",
    "Kota Kendari - Sulawesi Tenggara",
    "Kota Kotamobagu - Sulawesi Utara",
    "Kota Kupang - Nusa Tenggara Timur",
    "Kota Langsa - Aceh",
    "Kota Lhokseumawe - Aceh",
    "Kota Lubuklinggau - Sumatera Selatan",
    "Kota Madiun - Jawa Timur",
    "Kota Magelang - Jawa Tengah",
    "Kota Makassar - Sulawesi Selatan",
    "Kota Malang - Jawa Timur",
    "Kota Manado - Sulawesi Utara",
    "Kota Mataram - Nusa Tenggara Barat",
    "Kota Medan - Sumatera Utara",
    "Kota Metro - Lampung",
    "Kota Mojokerto - Jawa Timur",
    "Kota Padang - Sumatera Barat",
    "Kota Padang Panjang - Sumatera Barat",
    "Kota Padangsidimpuan - Sumatera Utara",
    "Kota Pagar Alam - Sumatera Selatan",
    "Kota Palangka Raya - Kalimantan Tengah",
    "Kota Palembang - Sumatera Selatan",
    "Kota Palopo - Sulawesi Selatan",
    "Kota Palu - Sulawesi Tengah",
    "Kota Pangkal Pinang - Kepulauan Bangka Belitung",
    "Kota Parepare - Sulawesi Selatan",
    "Kota Pariaman - Sumatera Barat",
    "Kota Pasuruan - Jawa Timur",
    "Kota Payakumbuh - Sumatera Barat",
    "Kota Pekalongan - Jawa Tengah",
    "Kota Pekanbaru - Riau",
    "Kota Pematang Siantar - Sumatera Utara",
    "Kota Pontianak - Kalimantan Barat",
    "Kota Prabumulih - Sumatera Selatan",
    "Kota Probolinggo - Jawa Timur",
    "Kota Sabang - Aceh",
    "Kota Salatiga - Jawa Tengah",
    "Kota Samarinda - Kalimantan Timur",
    "Kota Sawah Lunto - Sumatera Barat",
    "Kota Semarang - Jawa Tengah",
    "Kota Serang - Banten",
    "Kota Sibolga - Sumatera Utara",
    "Kota Singkawang - Kalimantan Barat",
    "Kota Solok - Sumatera Barat",
    "Kota Sorong - Papua Barat",
    "Kota Subulussalam - Aceh",
    "Kota Sukabumi - Jawa Barat",
    "Kota Sungai Penuh - Jambi",
    "Kota Surabaya - Jawa Timur",
    "Kota Surakarta - Jawa Tengah",
    "Kota Tangerang - Banten",
    "Kota Tangerang Selatan - Banten",
    "Kota Tanjung Balai - Sumatera Utara",
    "Kota Tanjung Pinang - Kepulauan Riau",
    "Kota Tarakan - Kalimantan Utara",
    "Kota Tasikmalaya - Jawa Barat",
    "Kota Tebing Tinggi - Sumatera Utara",
    "Kota Tegal - Jawa Tengah",
    "Kota Ternate - Maluku Utara",
    "Kota Tidore Kepulauan - Maluku Utara",
    "Kota Tomohon - Sulawesi Utara",
    "Kota Tual - Maluku",
    "Kota Yogyakarta - Di Yogyakarta"
  ]
}